SecOrder,PAR,Area,kGE,Arrival_ns,Required_ns,Setup_ns,Slack_ns,Crit_ns,Fmax_GHz,CyclesPerBlock,Th_Gbps,Th_per_kGE_Gbps_per_kGE,ThPerArea,TimingRpt,AreaRpt,Model_BaseCycles,Model_Rounds,Model_XORperBlock,Model_ge_um2_per_GE
1,1,20602.080237,14.307000164583332,0.97,0.97,0.03,0.0,0.7,1.0,273,0.46886446886446886,0.032771682635828345,32.77168263582834,build/myascon_ascon_top_1.0.0_0/synthesis-design_compiler/report/timing.rpt,build/myascon_ascon_top_1.0.0_0/synthesis-design_compiler/report/area.rpt,3,8,True,1.44
1,2,21204.720255,14.725500177083333,0.97,0.97,0.03,0.0,0.7,1.0,145,0.8827586206896552,0.059947615366128935,59.947615366128936,build/myascon_ascon_top_1.0.0_0/synthesis-design_compiler/report/timing.rpt,build/myascon_ascon_top_1.0.0_0/synthesis-design_compiler/report/area.rpt,3,8,True,1.44
1,3,23772.960237,16.509000164583334,0.99,0.99,0.01,0.0,0.7,1.0,105,1.2190476190476192,0.07384139602002278,73.84139602002278,build/myascon_ascon_top_1.0.0_0/synthesis-design_compiler/report/timing.rpt,build/myascon_ascon_top_1.0.0_0/synthesis-design_compiler/report/area.rpt,3,8,True,1.44
1,4,22080.60027,15.3337501875,0.99,0.99,0.01,0.0,0.7,1.0,81,1.5802469135802468,0.10305677960427818,103.05677960427819,build/myascon_ascon_top_1.0.0_0/synthesis-design_compiler/report/timing.rpt,build/myascon_ascon_top_1.0.0_0/synthesis-design_compiler/report/area.rpt,3,8,True,1.44
1,5,23738.04026,16.484750180555558,0.98,0.98,0.02,0.0,0.7,1.0,73,1.7534246575342465,0.10636646830125962,106.36646830125962,build/myascon_ascon_top_1.0.0_0/synthesis-design_compiler/report/timing.rpt,build/myascon_ascon_top_1.0.0_0/synthesis-design_compiler/report/area.rpt,3,8,True,1.44
1,6,24240.600275,16.83375019097222,0.97,0.97,0.03,0.0,0.7,1.0,65,1.9692307692307693,0.11698110919377008,116.98110919377008,build/myascon_ascon_top_1.0.0_0/synthesis-design_compiler/report/timing.rpt,build/myascon_ascon_top_1.0.0_0/synthesis-design_compiler/report/area.rpt,3,8,True,1.44
1,7,25653.240285,17.814750197916666,0.97,0.97,0.03,0.0,0.7,1.0,57,2.245614035087719,0.1260536358994431,126.0536358994431,build/myascon_ascon_top_1.0.0_0/synthesis-design_compiler/report/timing.rpt,build/myascon_ascon_top_1.0.0_0/synthesis-design_compiler/report/area.rpt,3,8,True,1.44
1,8,24007.320312,16.671750216666666,0.99,0.99,0.01,0.0,0.7,1.0,49,2.6122448979591835,0.156686902335409,156.686902335409,build/myascon_ascon_top_1.0.0_0/synthesis-design_compiler/report/timing.rpt,build/myascon_ascon_top_1.0.0_0/synthesis-design_compiler/report/area.rpt,3,8,True,1.44
1,9,27108.000311,18.82500021597222,0.98,0.99,0.01,0.01,0.7,1.0101010101010102,49,2.6386312100597817,0.1401663309316201,140.16633093162008,build/myascon_ascon_top_1.0.0_0/synthesis-design_compiler/report/timing.rpt,build/myascon_ascon_top_1.0.0_0/synthesis-design_compiler/report/area.rpt,3,8,True,1.44
1,10,26082.360322,18.112750223611112,0.98,0.98,0.02,0.0,0.7,1.0,49,2.6122448979591835,0.14422132838523646,144.22132838523646,build/myascon_ascon_top_1.0.0_0/synthesis-design_compiler/report/timing.rpt,build/myascon_ascon_top_1.0.0_0/synthesis-design_compiler/report/area.rpt,3,8,True,1.44
1,11,27322.920333,18.97425023125,0.99,0.99,0.01,0.0,0.7,1.0,41,3.1219512195121952,0.16453620994048232,164.5362099404823,build/myascon_ascon_top_1.0.0_0/synthesis-design_compiler/report/timing.rpt,build/myascon_ascon_top_1.0.0_0/synthesis-design_compiler/report/area.rpt,3,8,True,1.44
1,12,27828.72034,19.32550023611111,0.97,0.97,0.03,0.0,0.7,1.0,41,3.1219512195121952,0.16154568737520186,161.54568737520185,build/myascon_ascon_top_1.0.0_0/synthesis-design_compiler/report/timing.rpt,build/myascon_ascon_top_1.0.0_0/synthesis-design_compiler/report/area.rpt,3,8,True,1.44
1,13,27532.440357,19.119750247916667,0.98,0.98,0.02,0.0,0.7,1.0,41,3.1219512195121952,0.1632841004213625,163.2841004213625,build/myascon_ascon_top_1.0.0_0/synthesis-design_compiler/report/timing.rpt,build/myascon_ascon_top_1.0.0_0/synthesis-design_compiler/report/area.rpt,3,8,True,1.44
1,14,28009.800369,19.45125025625,0.98,0.98,0.02,0.0,0.7,1.0,41,3.1219512195121952,0.1605013137142206,160.5013137142206,build/myascon_ascon_top_1.0.0_0/synthesis-design_compiler/report/timing.rpt,build/myascon_ascon_top_1.0.0_0/synthesis-design_compiler/report/area.rpt,3,8,True,1.44
1,15,28470.240389,19.771000270138888,0.99,0.99,0.01,0.0,0.7,1.0,41,3.1219512195121952,0.1579055777075392,157.9055777075392,build/myascon_ascon_top_1.0.0_0/synthesis-design_compiler/report/timing.rpt,build/myascon_ascon_top_1.0.0_0/synthesis-design_compiler/report/area.rpt,3,8,True,1.44
1,16,27864.360393,19.350250272916664,0.96,0.97,0.03,0.0,0.7,1.0,33,3.878787878787879,0.20045156130185954,200.45156130185953,build/myascon_ascon_top_1.0.0_0/synthesis-design_compiler/report/timing.rpt,build/myascon_ascon_top_1.0.0_0/synthesis-design_compiler/report/area.rpt,3,8,True,1.44
1,17,30119.760404,20.916500280555557,0.97,0.97,0.03,0.0,0.7,1.0,33,3.878787878787879,0.18544153308446568,185.44153308446568,build/myascon_ascon_top_1.0.0_0/synthesis-design_compiler/report/timing.rpt,build/myascon_ascon_top_1.0.0_0/synthesis-design_compiler/report/area.rpt,3,8,True,1.44
1,18,30644.280417,21.280750289583334,0.97,0.97,0.03,0.0,0.7,1.0,33,3.878787878787879,0.18226744010461407,182.26744010461408,build/myascon_ascon_top_1.0.0_0/synthesis-design_compiler/report/timing.rpt,build/myascon_ascon_top_1.0.0_0/synthesis-design_compiler/report/area.rpt,3,8,True,1.44
1,19,31158.360425,21.63775029513889,0.99,0.99,0.01,0.0,0.7,1.0,33,3.878787878787879,0.17926022002663014,179.26022002663015,build/myascon_ascon_top_1.0.0_0/synthesis-design_compiler/report/timing.rpt,build/myascon_ascon_top_1.0.0_0/synthesis-design_compiler/report/area.rpt,3,8,True,1.44
1,20,31653.720434,21.98175030138889,0.99,0.99,0.01,0.0,0.7,1.0,33,3.878787878787879,0.176454914900148,176.454914900148,build/myascon_ascon_top_1.0.0_0/synthesis-design_compiler/report/timing.rpt,build/myascon_ascon_top_1.0.0_0/synthesis-design_compiler/report/area.rpt,3,8,True,1.44
1,21,32165.640444,22.337250308333335,0.97,0.97,0.03,0.0,0.7,1.0,33,3.878787878787879,0.1736466138511607,173.6466138511607,build/myascon_ascon_top_1.0.0_0/synthesis-design_compiler/report/timing.rpt,build/myascon_ascon_top_1.0.0_0/synthesis-design_compiler/report/area.rpt,3,8,True,1.44
1,22,31948.560464,22.186500322222223,0.98,0.98,0.02,0.0,0.7,1.0,33,3.878787878787879,0.17482648558605007,174.82648558605007,build/myascon_ascon_top_1.0.0_0/synthesis-design_compiler/report/timing.rpt,build/myascon_ascon_top_1.0.0_0/synthesis-design_compiler/report/area.rpt,3,8,True,1.44
1,23,32363.280474,22.474500329166666,0.98,0.98,0.02,0.0,0.7,1.0,33,3.878787878787879,0.1725861675222259,172.58616752222588,build/myascon_ascon_top_1.0.0_0/synthesis-design_compiler/report/timing.rpt,build/myascon_ascon_top_1.0.0_0/synthesis-design_compiler/report/area.rpt,3,8,True,1.44
1,24,32850.720488,22.813000338888887,0.98,0.98,0.02,0.0,0.7,1.0,33,3.878787878787879,0.17002532859195127,170.02532859195128,build/myascon_ascon_top_1.0.0_0/synthesis-design_compiler/report/timing.rpt,build/myascon_ascon_top_1.0.0_0/synthesis-design_compiler/report/area.rpt,3,8,True,1.44
1,25,33296.760498,23.122750345833335,0.98,0.98,0.02,0.0,0.7,1.0,33,3.878787878787879,0.16774768661924455,167.74768661924455,build/myascon_ascon_top_1.0.0_0/synthesis-design_compiler/report/timing.rpt,build/myascon_ascon_top_1.0.0_0/synthesis-design_compiler/report/area.rpt,3,8,True,1.44
1,26,33784.20051,23.46125035416667,0.99,1.0,0.0,0.0,0.7,1.0,33,3.878787878787879,0.1653274152159164,165.3274152159164,build/myascon_ascon_top_1.0.0_0/synthesis-design_compiler/report/timing.rpt,build/myascon_ascon_top_1.0.0_0/synthesis-design_compiler/report/area.rpt,3,8,True,1.44
1,27,34370.640541,23.868500375694445,0.99,1.0,0.0,0.0,0.7,1.0,33,3.878787878787879,0.16250655959675167,162.50655959675166,build/myascon_ascon_top_1.0.0_0/synthesis-design_compiler/report/timing.rpt,build/myascon_ascon_top_1.0.0_0/synthesis-design_compiler/report/area.rpt,3,8,True,1.44
1,28,34696.800542,24.09500037638889,0.98,0.98,0.02,0.0,0.7,1.0,33,3.878787878787879,0.16097895074485125,160.97895074485123,build/myascon_ascon_top_1.0.0_0/synthesis-design_compiler/report/timing.rpt,build/myascon_ascon_top_1.0.0_0/synthesis-design_compiler/report/area.rpt,3,8,True,1.44
1,29,35124.480557,24.392000386805556,0.99,0.99,0.01,0.0,0.7,1.0,33,3.878787878787879,0.15901885115113576,159.01885115113575,build/myascon_ascon_top_1.0.0_0/synthesis-design_compiler/report/timing.rpt,build/myascon_ascon_top_1.0.0_0/synthesis-design_compiler/report/area.rpt,3,8,True,1.44
1,30,35605.440583,24.726000404861114,0.99,0.99,0.01,0.0,0.7,1.0,33,3.878787878787879,0.15687081676279968,156.87081676279968,build/myascon_ascon_top_1.0.0_0/synthesis-design_compiler/report/timing.rpt,build/myascon_ascon_top_1.0.0_0/synthesis-design_compiler/report/area.rpt,3,8,True,1.44
1,31,36550.080603,25.382000418750003,0.97,0.97,0.03,0.0,0.7,1.0,33,3.878787878787879,0.1528164768259388,152.8164768259388,build/myascon_ascon_top_1.0.0_0/synthesis-design_compiler/report/timing.rpt,build/myascon_ascon_top_1.0.0_0/synthesis-design_compiler/report/area.rpt,3,8,True,1.44
1,32,35347.680568,24.547000394444446,0.97,0.97,0.03,0.0,0.7,1.0,25,5.12,0.20857945646013737,208.57945646013738,build/myascon_ascon_top_1.0.0_0/synthesis-design_compiler/report/timing.rpt,build/myascon_ascon_top_1.0.0_0/synthesis-design_compiler/report/area.rpt,3,8,True,1.44
2,1,26044.920214,18.086750148611113,0.99,0.99,0.01,0.0,0.78,1.0,193,0.6632124352331606,0.03666841360575155,36.66841360575155,build/myascon_ascon_top_1.0.0_0/synthesis-design_compiler/report/timing.rpt,build/myascon_ascon_top_1.0.0_0/synthesis-design_compiler/report/area.rpt,3,8,True,1.44
2,2,28859.040208,20.041000144444443,0.98,0.98,0.02,0.0,0.78,1.0,105,1.2190476190476192,0.06082768376135913,60.827683761359125,build/myascon_ascon_top_1.0.0_0/synthesis-design_compiler/report/timing.rpt,build/myascon_ascon_top_1.0.0_0/synthesis-design_compiler/report/area.rpt,3,8,True,1.44
2,3,29833.560235,20.717750163194445,0.98,0.98,0.02,0.0,0.78,1.0,81,1.5802469135802468,0.07627502509358335,76.27502509358335,build/myascon_ascon_top_1.0.0_0/synthesis-design_compiler/report/timing.rpt,build/myascon_ascon_top_1.0.0_0/synthesis-design_compiler/report/area.rpt,3,8,True,1.44
2,4,28799.640271,19.999750188194444,0.99,0.99,0.01,0.0,0.78,1.0,65,1.9692307692307693,0.09846276831963517,98.46276831963517,build/myascon_ascon_top_1.0.0_0/synthesis-design_compiler/report/timing.rpt,build/myascon_ascon_top_1.0.0_0/synthesis-design_compiler/report/area.rpt,3,8,True,1.44
2,5,30862.080279,21.43200019375,0.98,0.98,0.02,0.0,0.78,1.0,57,2.245614035087719,0.10477855612107474,104.77855612107474,build/myascon_ascon_top_1.0.0_0/synthesis-design_compiler/report/timing.rpt,build/myascon_ascon_top_1.0.0_0/synthesis-design_compiler/report/area.rpt,3,8,True,1.44
2,6,32916.600279,22.858750193749998,0.99,0.99,0.01,0.0,0.78,1.0,49,2.6122448979591835,0.11427767816778624,114.27767816778623,build/myascon_ascon_top_1.0.0_0/synthesis-design_compiler/report/timing.rpt,build/myascon_ascon_top_1.0.0_0/synthesis-design_compiler/report/area.rpt,3,8,True,1.44
2,7,32389.920332,22.493000230555555,0.98,0.98,0.02,0.0,0.78,1.0,49,2.6122448979591835,0.11613590322248725,116.13590322248724,build/myascon_ascon_top_1.0.0_0/synthesis-design_compiler/report/timing.rpt,build/myascon_ascon_top_1.0.0_0/synthesis-design_compiler/report/area.rpt,3,8,True,1.44
2,8,32932.440339,22.869750235416667,0.98,0.98,0.02,0.0,0.78,1.0,41,3.1219512195121952,0.13651007061185405,136.51007061185405,build/myascon_ascon_top_1.0.0_0/synthesis-design_compiler/report/timing.rpt,build/myascon_ascon_top_1.0.0_0/synthesis-design_compiler/report/area.rpt,3,8,True,1.44
2,9,35334.720343,24.538000238194446,0.99,0.99,0.01,0.0,0.78,1.0,41,3.1219512195121952,0.1272292439973468,127.22924399734681,build/myascon_ascon_top_1.0.0_0/synthesis-design_compiler/report/timing.rpt,build/myascon_ascon_top_1.0.0_0/synthesis-design_compiler/report/area.rpt,3,8,True,1.44
2,10,34674.120397,24.079250275694445,0.98,0.98,0.02,0.0,0.78,1.0,41,3.1219512195121952,0.12965317373952825,129.65317373952826,build/myascon_ascon_top_1.0.0_0/synthesis-design_compiler/report/timing.rpt,build/myascon_ascon_top_1.0.0_0/synthesis-design_compiler/report/area.rpt,3,8,True,1.44
2,11,36410.040404,25.284750280555556,0.97,0.98,0.02,0.0,0.78,1.0,33,3.878787878787879,0.15340423914610457,153.40423914610457,build/myascon_ascon_top_1.0.0_0/synthesis-design_compiler/report/timing.rpt,build/myascon_ascon_top_1.0.0_0/synthesis-design_compiler/report/area.rpt,3,8,True,1.44
2,12,37274.040429,25.884750297916668,0.99,0.99,0.01,0.0,0.78,1.0,33,3.878787878787879,0.14984837922504754,149.84837922504755,build/myascon_ascon_top_1.0.0_0/synthesis-design_compiler/report/timing.rpt,build/myascon_ascon_top_1.0.0_0/synthesis-design_compiler/report/area.rpt,3,8,True,1.44
2,13,38152.800446,26.495000309722222,0.97,0.97,0.03,0.0,0.78,1.0,33,3.878787878787879,0.14639697427610804,146.39697427610804,build/myascon_ascon_top_1.0.0_0/synthesis-design_compiler/report/timing.rpt,build/myascon_ascon_top_1.0.0_0/synthesis-design_compiler/report/area.rpt,3,8,True,1.44
2,14,39089.520464,27.145500322222222,0.97,0.97,0.03,0.0,0.78,1.0,33,3.878787878787879,0.14288879677095406,142.88879677095406,build/myascon_ascon_top_1.0.0_0/synthesis-design_compiler/report/timing.rpt,build/myascon_ascon_top_1.0.0_0/synthesis-design_compiler/report/area.rpt,3,8,True,1.44
2,15,39898.080476,27.70700033055556,0.99,0.99,0.01,0.0,0.78,1.0,33,3.878787878787879,0.13999306429827818,139.99306429827817,build/myascon_ascon_top_1.0.0_0/synthesis-design_compiler/report/timing.rpt,build/myascon_ascon_top_1.0.0_0/synthesis-design_compiler/report/area.rpt,3,8,True,1.44
2,16,38062.800625,26.43250043402778,0.98,0.98,0.02,0.0,0.78,1.0,33,3.878787878787879,0.14674313118688295,146.74313118688295,build/myascon_ascon_top_1.0.0_0/synthesis-design_compiler/report/timing.rpt,build/myascon_ascon_top_1.0.0_0/synthesis-design_compiler/report/area.rpt,3,8,True,1.44
2,17,40303.440562,27.988500390277782,0.97,0.97,0.03,0.0,0.78,1.0,33,3.878787878787879,0.13858505545853514,138.58505545853515,build/myascon_ascon_top_1.0.0_0/synthesis-design_compiler/report/timing.rpt,build/myascon_ascon_top_1.0.0_0/synthesis-design_compiler/report/area.rpt,3,8,True,1.44
2,18,41061.240584,28.514750405555557,0.98,0.98,0.02,0.0,0.78,1.0,33,3.878787878787879,0.13602741821763134,136.02741821763135,build/myascon_ascon_top_1.0.0_0/synthesis-design_compiler/report/timing.rpt,build/myascon_ascon_top_1.0.0_0/synthesis-design_compiler/report/area.rpt,3,8,True,1.44
2,19,41895.360615,29.094000427083333,0.97,0.97,0.03,0.0,0.78,1.0,33,3.878787878787879,0.13331916621466575,133.31916621466576,build/myascon_ascon_top_1.0.0_0/synthesis-design_compiler/report/timing.rpt,build/myascon_ascon_top_1.0.0_0/synthesis-design_compiler/report/area.rpt,3,8,True,1.44
2,20,42606.00064,29.587500444444444,0.98,0.98,0.02,0.0,0.78,1.0,33,3.878787878787879,0.13109549034299,131.09549034299002,build/myascon_ascon_top_1.0.0_0/synthesis-design_compiler/report/timing.rpt,build/myascon_ascon_top_1.0.0_0/synthesis-design_compiler/report/area.rpt,3,8,True,1.44
2,21,43392.600676,30.133750469444447,0.99,1.0,0.0,0.0,0.78,1.0,33,3.878787878787879,0.12871905482594875,128.71905482594875,build/myascon_ascon_top_1.0.0_0/synthesis-design_compiler/report/timing.rpt,build/myascon_ascon_top_1.0.0_0/synthesis-design_compiler/report/area.rpt,3,8,True,1.44
2,22,43562.160713,30.251500495138888,0.98,0.98,0.02,0.0,0.78,1.0,25,5.12,0.1692478031237734,169.24780312377342,build/myascon_ascon_top_1.0.0_0/synthesis-design_compiler/report/timing.rpt,build/myascon_ascon_top_1.0.0_0/synthesis-design_compiler/report/area.rpt,3,8,True,1.44
2,23,43788.960666,30.4090004625,0.98,0.98,0.02,0.0,1.0,1.0,25,,0.16837120333218186,168.37120333218186,build/myascon_ascon_top_1.0.0_0/synthesis-design_compiler/report/timing.rpt,build/myascon_ascon_top_1.0.0_0/synthesis-design_compiler/report/area.rpt,3,8,True,1.44
2,24,43753.680702,30.3845004875,0.98,0.98,0.02,0.0,1.0,1.0,25,,0.16850696631021916,168.50696631021916,build/myascon_ascon_top_1.0.0_0/synthesis-design_compiler/report/timing.rpt,build/myascon_ascon_top_1.0.0_0/synthesis-design_compiler/report/area.rpt,3,8,True,1.44
2,25,44134.200637,30.648750442361113,0.98,0.98,0.02,0.0,1.0,1.0,25,,0.16705411888255653,167.05411888255654,build/myascon_ascon_top_1.0.0_0/synthesis-design_compiler/report/timing.rpt,build/myascon_ascon_top_1.0.0_0/synthesis-design_compiler/report/area.rpt,3,8,True,1.44
2,26,44030.520726,30.576750504166668,0.97,0.97,0.03,0.0,1.0,1.0,25,,0.16744748593550848,167.4474859355085,build/myascon_ascon_top_1.0.0_0/synthesis-design_compiler/report/timing.rpt,build/myascon_ascon_top_1.0.0_0/synthesis-design_compiler/report/area.rpt,3,8,True,1.44
2,27,44268.120665,30.74175046180556,0.97,0.97,0.03,0.0,1.0,1.0,25,,0.16654874634940636,166.54874634940637,build/myascon_ascon_top_1.0.0_0/synthesis-design_compiler/report/timing.rpt,build/myascon_ascon_top_1.0.0_0/synthesis-design_compiler/report/area.rpt,3,8,True,1.44
2,28,44252.640731,30.73100050763889,0.97,0.97,0.03,0.0,1.0,1.0,25,,0.16660700645679621,166.60700645679623,build/myascon_ascon_top_1.0.0_0/synthesis-design_compiler/report/timing.rpt,build/myascon_ascon_top_1.0.0_0/synthesis-design_compiler/report/area.rpt,3,8,True,1.44
2,29,44518.680609,30.91575042291667,0.96,0.96,0.04,0.0,1.0,1.0,25,,0.16561137704762743,165.61137704762743,build/myascon_ascon_top_1.0.0_0/synthesis-design_compiler/report/timing.rpt,build/myascon_ascon_top_1.0.0_0/synthesis-design_compiler/report/area.rpt,3,8,True,1.44
2,30,44490.600714,30.896250495833332,0.97,0.97,0.03,0.0,1.0,1.0,25,,0.16571590137419695,165.71590137419696,build/myascon_ascon_top_1.0.0_0/synthesis-design_compiler/report/timing.rpt,build/myascon_ascon_top_1.0.0_0/synthesis-design_compiler/report/area.rpt,3,8,True,1.44
2,31,44613.360702,30.9815004875,0.98,0.98,0.02,0.0,1.0,1.0,25,,0.1652599105735937,165.25991057359371,build/myascon_ascon_top_1.0.0_0/synthesis-design_compiler/report/timing.rpt,build/myascon_ascon_top_1.0.0_0/synthesis-design_compiler/report/area.rpt,3,8,True,1.44
2,32,,,,,,0.0,,,25,,,,build/myascon_ascon_top_1.0.0_0/synthesis-design_compiler/report/timing.rpt,build/myascon_ascon_top_1.0.0_0/synthesis-design_compiler/report/area.rpt,3,8,True,1.44
3,1,30664.440433,21.294750300694446,0.99,0.99,0.01,0.0,0.76,1.0,145,0.8827586206896552,0.041454283718972154,41.45428371897216,build/myascon_ascon_top_1.0.0_0/synthesis-design_compiler/report/timing.rpt,build/myascon_ascon_top_1.0.0_0/synthesis-design_compiler/report/area.rpt,3,8,True,1.44
3,2,31799.520497,22.08300034513889,0.99,0.99,0.01,0.0,0.76,1.0,81,1.5802469135802468,0.07155942982757346,71.55942982757347,build/myascon_ascon_top_1.0.0_0/synthesis-design_compiler/report/timing.rpt,build/myascon_ascon_top_1.0.0_0/synthesis-design_compiler/report/area.rpt,3,8,True,1.44
3,3,37688.400229,26.172500159027777,0.99,0.99,0.01,0.0,0.76,1.0,65,1.9692307692307693,0.07524045304290562,75.24045304290563,build/myascon_ascon_top_1.0.0_0/synthesis-design_compiler/report/timing.rpt,build/myascon_ascon_top_1.0.0_0/synthesis-design_compiler/report/area.rpt,3,8,True,1.44
3,4,34128.000491,23.70000034097222,0.99,0.99,0.01,0.0,0.74,1.0,49,2.6122448979591835,0.11022130212560259,110.22130212560259,build/myascon_ascon_top_1.0.0_0/synthesis-design_compiler/report/timing.rpt,build/myascon_ascon_top_1.0.0_0/synthesis-design_compiler/report/area.rpt,3,8,True,1.44
3,5,38032.92028,26.411750194444444,0.99,0.99,0.01,0.0,0.74,1.0,49,2.6122448979591835,0.09890464958693475,98.90464958693475,build/myascon_ascon_top_1.0.0_0/synthesis-design_compiler/report/timing.rpt,build/myascon_ascon_top_1.0.0_0/synthesis-design_compiler/report/area.rpt,3,8,True,1.44
3,6,40718.160253,28.276500175694444,0.97,0.97,0.03,0.0,0.74,1.0,41,3.1219512195121952,0.11040797836062195,110.40797836062195,build/myascon_ascon_top_1.0.0_0/synthesis-design_compiler/report/timing.rpt,build/myascon_ascon_top_1.0.0_0/synthesis-design_compiler/report/area.rpt,3,8,True,1.44
3,7,42065.640254,29.21225017638889,0.96,0.97,0.03,0.01,0.74,1.0101010101010102,41,3.1534860803153486,0.10795081040570395,107.95081040570395,build/myascon_ascon_top_1.0.0_0/synthesis-design_compiler/report/timing.rpt,build/myascon_ascon_top_1.0.0_0/synthesis-design_compiler/report/area.rpt,3,8,True,1.44
3,8,38976.840471,27.067250327083336,0.99,0.99,0.01,0.0,0.74,1.0,33,3.878787878787879,0.1433018807568638,143.3018807568638,build/myascon_ascon_top_1.0.0_0/synthesis-design_compiler/report/timing.rpt,build/myascon_ascon_top_1.0.0_0/synthesis-design_compiler/report/area.rpt,3,8,True,1.44
3,9,43710.480315,30.35450021875,0.97,0.97,0.03,0.0,0.74,1.0,33,3.878787878787879,0.1277829597204815,127.78295972048151,build/myascon_ascon_top_1.0.0_0/synthesis-design_compiler/report/timing.rpt,build/myascon_ascon_top_1.0.0_0/synthesis-design_compiler/report/area.rpt,3,8,True,1.44
3,10,45035.280291,31.274500202083335,0.99,0.99,0.01,0.0,0.74,1.0,33,3.878787878787879,0.12402397652159747,124.02397652159746,build/myascon_ascon_top_1.0.0_0/synthesis-design_compiler/report/timing.rpt,build/myascon_ascon_top_1.0.0_0/synthesis-design_compiler/report/area.rpt,3,8,True,1.44
3,11,46263.960282,32.127750195833336,0.97,0.97,0.03,0.0,0.74,1.0,33,3.878787878787879,0.12073014310510048,120.73014310510048,build/myascon_ascon_top_1.0.0_0/synthesis-design_compiler/report/timing.rpt,build/myascon_ascon_top_1.0.0_0/synthesis-design_compiler/report/area.rpt,3,8,True,1.44
3,12,47494.080275,32.98200019097222,0.99,0.99,0.01,0.0,0.74,1.0,33,3.878787878787879,0.11760317313470801,117.60317313470802,build/myascon_ascon_top_1.0.0_0/synthesis-design_compiler/report/timing.rpt,build/myascon_ascon_top_1.0.0_0/synthesis-design_compiler/report/area.rpt,3,8,True,1.44
3,13,47210.760547,32.78525037986111,0.97,0.97,0.03,0.0,0.74,1.0,33,3.878787878787879,0.11830892959019429,118.3089295901943,build/myascon_ascon_top_1.0.0_0/synthesis-design_compiler/report/timing.rpt,build/myascon_ascon_top_1.0.0_0/synthesis-design_compiler/report/area.rpt,3,8,True,1.44
3,14,48462.12063,33.6542504375,0.97,0.97,0.03,0.0,0.74,1.0,33,3.878787878787879,0.11525402670878841,115.25402670878842,build/myascon_ascon_top_1.0.0_0/synthesis-design_compiler/report/timing.rpt,build/myascon_ascon_top_1.0.0_0/synthesis-design_compiler/report/area.rpt,3,8,True,1.44
3,15,49019.040384,34.041000266666664,0.99,1.0,0.0,0.0,0.74,1.0,33,3.878787878787879,0.11394459176882743,113.94459176882744,build/myascon_ascon_top_1.0.0_0/synthesis-design_compiler/report/timing.rpt,build/myascon_ascon_top_1.0.0_0/synthesis-design_compiler/report/area.rpt,3,8,True,1.44
3,16,48610.080657,33.75700045625,0.97,0.97,0.03,0.0,0.74,1.0,25,5.12,0.15167224370647686,151.67224370647685,build/myascon_ascon_top_1.0.0_0/synthesis-design_compiler/report/timing.rpt,build/myascon_ascon_top_1.0.0_0/synthesis-design_compiler/report/area.rpt,3,8,True,1.44
3,17,51565.320633,35.80925043958334,0.97,0.98,0.02,0.01,0.74,1.0101010101010102,25,,0.1444240554669747,144.4240554669747,build/myascon_ascon_top_1.0.0_0/synthesis-design_compiler/report/timing.rpt,build/myascon_ascon_top_1.0.0_0/synthesis-design_compiler/report/area.rpt,3,8,True,1.44
3,18,51060.240599,35.45850041597222,0.98,0.98,0.02,0.0,0.74,1.0,25,,0.1443941492148863,144.3941492148863,build/myascon_ascon_top_1.0.0_0/synthesis-design_compiler/report/timing.rpt,build/myascon_ascon_top_1.0.0_0/synthesis-design_compiler/report/area.rpt,3,8,True,1.44
3,19,51054.480597,35.454500414583336,0.98,0.98,0.02,0.0,1.0,1.0,25,,0.1444104398632004,144.4104398632004,build/myascon_ascon_top_1.0.0_0/synthesis-design_compiler/report/timing.rpt,build/myascon_ascon_top_1.0.0_0/synthesis-design_compiler/report/area.rpt,3,8,True,1.44
3,20,51101.280598,35.48700041527778,0.98,0.98,0.02,0.0,1.0,1.0,25,,0.14427818468973078,144.27818468973078,build/myascon_ascon_top_1.0.0_0/synthesis-design_compiler/report/timing.rpt,build/myascon_ascon_top_1.0.0_0/synthesis-design_compiler/report/area.rpt,3,8,True,1.44
3,21,51327.360909,35.64400063125,0.98,0.98,0.02,0.0,1.0,1.0,25,,0.14364268626769033,143.64268626769032,build/myascon_ascon_top_1.0.0_0/synthesis-design_compiler/report/timing.rpt,build/myascon_ascon_top_1.0.0_0/synthesis-design_compiler/report/area.rpt,3,8,True,1.44
3,22,,,,,,0.0,,,25,,,,build/myascon_ascon_top_1.0.0_0/synthesis-design_compiler/report/timing.rpt,build/myascon_ascon_top_1.0.0_0/synthesis-design_compiler/report/area.rpt,3,8,True,1.44
3,23,,,,,,0.0,,,25,,,,build/myascon_ascon_top_1.0.0_0/synthesis-design_compiler/report/timing.rpt,build/myascon_ascon_top_1.0.0_0/synthesis-design_compiler/report/area.rpt,3,8,True,1.44
3,24,,,,,,0.0,,,25,,,,build/myascon_ascon_top_1.0.0_0/synthesis-design_compiler/report/timing.rpt,build/myascon_ascon_top_1.0.0_0/synthesis-design_compiler/report/area.rpt,3,8,True,1.44
3,25,,,,,,0.0,,,25,,,,build/myascon_ascon_top_1.0.0_0/synthesis-design_compiler/report/timing.rpt,build/myascon_ascon_top_1.0.0_0/synthesis-design_compiler/report/area.rpt,3,8,True,1.44
3,26,,,,,,0.0,,,25,,,,build/myascon_ascon_top_1.0.0_0/synthesis-design_compiler/report/timing.rpt,build/myascon_ascon_top_1.0.0_0/synthesis-design_compiler/report/area.rpt,3,8,True,1.44
3,27,,,,,,0.0,,,25,,,,build/myascon_ascon_top_1.0.0_0/synthesis-design_compiler/report/timing.rpt,build/myascon_ascon_top_1.0.0_0/synthesis-design_compiler/report/area.rpt,3,8,True,1.44
3,28,,,,,,0.0,,,25,,,,build/myascon_ascon_top_1.0.0_0/synthesis-design_compiler/report/timing.rpt,build/myascon_ascon_top_1.0.0_0/synthesis-design_compiler/report/area.rpt,3,8,True,1.44
3,29,,,,,,0.0,,,25,,,,build/myascon_ascon_top_1.0.0_0/synthesis-design_compiler/report/timing.rpt,build/myascon_ascon_top_1.0.0_0/synthesis-design_compiler/report/area.rpt,3,8,True,1.44
3,30,,,,,,0.0,,,25,,,,build/myascon_ascon_top_1.0.0_0/synthesis-design_compiler/report/timing.rpt,build/myascon_ascon_top_1.0.0_0/synthesis-design_compiler/report/area.rpt,3,8,True,1.44
3,31,,,,,,0.0,,,25,,,,build/myascon_ascon_top_1.0.0_0/synthesis-design_compiler/report/timing.rpt,build/myascon_ascon_top_1.0.0_0/synthesis-design_compiler/report/area.rpt,3,8,True,1.44
3,32,,,,,,0.0,,,25,,,,build/myascon_ascon_top_1.0.0_0/synthesis-design_compiler/report/timing.rpt,build/myascon_ascon_top_1.0.0_0/synthesis-design_compiler/report/area.rpt,3,8,True,1.44
5,1,45787.320261,31.79675018125,0.99,0.99,0.01,0.0,0.84,1.0,105,1.2190476190476192,0.0383387488374982,38.3387488374982,build/myascon_ascon_top_1.0.0_0/synthesis-design_compiler/report/timing.rpt,build/myascon_ascon_top_1.0.0_0/synthesis-design_compiler/report/area.rpt,3,8,True,1.44
5,2,47932.920272,33.28675018888889,0.98,0.98,0.02,0.0,0.84,1.0,65,1.9692307692307693,0.059159598280282055,59.159598280282054,build/myascon_ascon_top_1.0.0_0/synthesis-design_compiler/report/timing.rpt,build/myascon_ascon_top_1.0.0_0/synthesis-design_compiler/report/area.rpt,3,8,True,1.44
5,3,53093.160214,36.87025014861111,0.97,0.97,0.03,0.0,0.84,1.0,49,2.6122448979591835,0.07084966571775715,70.84966571775715,build/myascon_ascon_top_1.0.0_0/synthesis-design_compiler/report/timing.rpt,build/myascon_ascon_top_1.0.0_0/synthesis-design_compiler/report/area.rpt,3,8,True,1.44
5,4,51701.400266,35.90375018472222,0.98,0.99,0.01,0.0,0.84,1.0,41,3.1219512195121952,0.08695334619503478,86.95334619503478,build/myascon_ascon_top_1.0.0_0/synthesis-design_compiler/report/timing.rpt,build/myascon_ascon_top_1.0.0_0/synthesis-design_compiler/report/area.rpt,3,8,True,1.44
5,5,54415.800298,37.78875020694444,0.98,0.99,0.01,0.0,0.84,1.0,41,3.1219512195121952,0.08261588971361307,82.61588971361307,build/myascon_ascon_top_1.0.0_0/synthesis-design_compiler/report/timing.rpt,build/myascon_ascon_top_1.0.0_0/synthesis-design_compiler/report/area.rpt,3,8,True,1.44
5,6,58445.640329,40.58725022847222,0.99,0.99,0.01,0.0,0.84,1.0,33,3.878787878787879,0.09556665841991148,95.56665841991148,build/myascon_ascon_top_1.0.0_0/synthesis-design_compiler/report/timing.rpt,build/myascon_ascon_top_1.0.0_0/synthesis-design_compiler/report/area.rpt,3,8,True,1.44
5,7,62140.320619,43.15300042986111,0.99,0.99,0.01,0.0,0.85,1.0,33,3.878787878787879,0.08988454661668964,89.88454661668963,build/myascon_ascon_top_1.0.0_0/synthesis-design_compiler/report/timing.rpt,build/myascon_ascon_top_1.0.0_0/synthesis-design_compiler/report/area.rpt,3,8,True,1.44
5,8,60304.32033,41.878000229166666,0.97,0.97,0.03,0.0,0.84,1.0,33,3.878787878787879,0.09262113418888682,92.62113418888681,build/myascon_ascon_top_1.0.0_0/synthesis-design_compiler/report/timing.rpt,build/myascon_ascon_top_1.0.0_0/synthesis-design_compiler/report/area.rpt,3,8,True,1.44
5,9,67161.960543,46.640250377083326,0.99,0.99,0.01,0.0,0.84,1.0,33,3.878787878787879,0.08316395918607075,83.16395918607076,build/myascon_ascon_top_1.0.0_0/synthesis-design_compiler/report/timing.rpt,build/myascon_ascon_top_1.0.0_0/synthesis-design_compiler/report/area.rpt,3,8,True,1.44
5,10,65202.840346,45.27975024027778,0.97,0.97,0.03,0.0,0.84,1.0,33,3.878787878787879,0.08566274898171973,85.66274898171973,build/myascon_ascon_top_1.0.0_0/synthesis-design_compiler/report/timing.rpt,build/myascon_ascon_top_1.0.0_0/synthesis-design_compiler/report/area.rpt,3,8,True,1.44
5,11,68049.360704,47.256500488888896,0.97,0.97,0.03,0.0,0.84,1.0,25,5.12,0.10834488265172812,108.34488265172811,build/myascon_ascon_top_1.0.0_0/synthesis-design_compiler/report/timing.rpt,build/myascon_ascon_top_1.0.0_0/synthesis-design_compiler/report/area.rpt,3,8,True,1.44
5,12,68205.600684,47.365000475,0.97,0.97,0.03,0.0,0.84,1.0,25,,0.10809669478843174,108.09669478843175,build/myascon_ascon_top_1.0.0_0/synthesis-design_compiler/report/timing.rpt,build/myascon_ascon_top_1.0.0_0/synthesis-design_compiler/report/area.rpt,3,8,True,1.44
5,13,,,,,,0.0,,,25,,,,build/myascon_ascon_top_1.0.0_0/synthesis-design_compiler/report/timing.rpt,build/myascon_ascon_top_1.0.0_0/synthesis-design_compiler/report/area.rpt,3,8,True,1.44
5,14,,,,,,0.0,,,25,,,,build/myascon_ascon_top_1.0.0_0/synthesis-design_compiler/report/timing.rpt,build/myascon_ascon_top_1.0.0_0/synthesis-design_compiler/report/area.rpt,3,8,True,1.44
5,15,,,,,,0.0,,,25,,,,build/myascon_ascon_top_1.0.0_0/synthesis-design_compiler/report/timing.rpt,build/myascon_ascon_top_1.0.0_0/synthesis-design_compiler/report/area.rpt,3,8,True,1.44
5,16,,,,,,0.0,,,25,,,,build/myascon_ascon_top_1.0.0_0/synthesis-design_compiler/report/timing.rpt,build/myascon_ascon_top_1.0.0_0/synthesis-design_compiler/report/area.rpt,3,8,True,1.44
5,17,,,,,,0.0,,,25,,,,build/myascon_ascon_top_1.0.0_0/synthesis-design_compiler/report/timing.rpt,build/myascon_ascon_top_1.0.0_0/synthesis-design_compiler/report/area.rpt,3,8,True,1.44
5,18,,,,,,0.0,,,25,,,,build/myascon_ascon_top_1.0.0_0/synthesis-design_compiler/report/timing.rpt,build/myascon_ascon_top_1.0.0_0/synthesis-design_compiler/report/area.rpt,3,8,True,1.44
5,19,,,,,,0.0,,,25,,,,build/myascon_ascon_top_1.0.0_0/synthesis-design_compiler/report/timing.rpt,build/myascon_ascon_top_1.0.0_0/synthesis-design_compiler/report/area.rpt,3,8,True,1.44
5,20,,,,,,0.0,,,25,,,,build/myascon_ascon_top_1.0.0_0/synthesis-design_compiler/report/timing.rpt,build/myascon_ascon_top_1.0.0_0/synthesis-design_compiler/report/area.rpt,3,8,True,1.44
5,21,,,,,,0.0,,,25,,,,build/myascon_ascon_top_1.0.0_0/synthesis-design_compiler/report/timing.rpt,build/myascon_ascon_top_1.0.0_0/synthesis-design_compiler/report/area.rpt,3,8,True,1.44
5,22,,,,,,0.0,,,25,,,,build/myascon_ascon_top_1.0.0_0/synthesis-design_compiler/report/timing.rpt,build/myascon_ascon_top_1.0.0_0/synthesis-design_compiler/report/area.rpt,3,8,True,1.44
5,23,,,,,,0.0,,,25,,,,build/myascon_ascon_top_1.0.0_0/synthesis-design_compiler/report/timing.rpt,build/myascon_ascon_top_1.0.0_0/synthesis-design_compiler/report/area.rpt,3,8,True,1.44
5,24,,,,,,0.0,,,25,,,,build/myascon_ascon_top_1.0.0_0/synthesis-design_compiler/report/timing.rpt,build/myascon_ascon_top_1.0.0_0/synthesis-design_compiler/report/area.rpt,3,8,True,1.44
5,25,,,,,,0.0,,,25,,,,build/myascon_ascon_top_1.0.0_0/synthesis-design_compiler/report/timing.rpt,build/myascon_ascon_top_1.0.0_0/synthesis-design_compiler/report/area.rpt,3,8,True,1.44
5,26,,,,,,0.0,,,25,,,,build/myascon_ascon_top_1.0.0_0/synthesis-design_compiler/report/timing.rpt,build/myascon_ascon_top_1.0.0_0/synthesis-design_compiler/report/area.rpt,3,8,True,1.44
5,27,,,,,,0.0,,,25,,,,build/myascon_ascon_top_1.0.0_0/synthesis-design_compiler/report/timing.rpt,build/myascon_ascon_top_1.0.0_0/synthesis-design_compiler/report/area.rpt,3,8,True,1.44
5,28,,,,,,0.0,,,25,,,,build/myascon_ascon_top_1.0.0_0/synthesis-design_compiler/report/timing.rpt,build/myascon_ascon_top_1.0.0_0/synthesis-design_compiler/report/area.rpt,3,8,True,1.44
5,29,,,,,,0.0,,,25,,,,build/myascon_ascon_top_1.0.0_0/synthesis-design_compiler/report/timing.rpt,build/myascon_ascon_top_1.0.0_0/synthesis-design_compiler/report/area.rpt,3,8,True,1.44
5,30,,,,,,0.0,,,25,,,,build/myascon_ascon_top_1.0.0_0/synthesis-design_compiler/report/timing.rpt,build/myascon_ascon_top_1.0.0_0/synthesis-design_compiler/report/area.rpt,3,8,True,1.44
5,31,,,,,,0.0,,,25,,,,build/myascon_ascon_top_1.0.0_0/synthesis-design_compiler/report/timing.rpt,build/myascon_ascon_top_1.0.0_0/synthesis-design_compiler/report/area.rpt,3,8,True,1.44
5,32,,,,,,0.0,,,25,,,,build/myascon_ascon_top_1.0.0_0/synthesis-design_compiler/report/timing.rpt,build/myascon_ascon_top_1.0.0_0/synthesis-design_compiler/report/area.rpt,3,8,True,1.44
